{
    "addontype": "",
    "cattitle": "Main",
    "name": "gradient_animation",
    "alias": "",
    "title": "Animated Gradient Background",
    "description": "The Animated Gradient Background for Elementor allows you to design beautiful gradient backgrounds for your sections. Create unique effects by changing the gradient angle and applying a variety of color choices!",
    "config": {
        "options": {
            "enable_items": "false",
            "items_section_title": "",
            "items_section_heading": "",
            "path_assets": "gradient_animation",
            "js_as_module": false,
            "addon_icon": "",
            "dynamic_addon": "false",
            "dynamic_post_enable_customfields": "false",
            "dynamic_post_enable_category": "false",
            "description": "The Animated Gradient Background for Elementor allows you to design beautiful gradient backgrounds for your sections. Create unique effects by changing the gradient angle and applying a variety of color choices!",
            "link_resource": "",
            "link_preview": "https:\/\/unlimited-elements.com\/animated-gradient-background-widget-for-elementor\/",
            "show_small_icon": "true",
            "preview_size_unite_selected_text": "Full Size",
            "preview_size": "full",
            "preview_custom_width": "",
            "preview_bgcol": "#ffffff",
            "special": "",
            "is_free_addon": true,
            "is_new_addon": false,
            "is_last_updated": false,
            "is_trending": false
        },
        "params": [
            {
                "type": "uc_colorpicker",
                "title": "Color One",
                "name": "color_one",
                "description": "",
                "enable_condition": false,
                "condition_attribute": null,
                "condition_operator": "equal",
                "condition_value": null,
                "admin_label": false,
                "default_value": "#ee7752",
                "selector": "",
                "selector_value": "",
                "show_more_selectors": false,
                "selector2": "",
                "selector2_value": "",
                "selector3": "",
                "selector3_value": ""
            },
            {
                "type": "uc_colorpicker",
                "title": "Color Two",
                "name": "color_two",
                "description": "",
                "enable_condition": false,
                "condition_attribute": null,
                "condition_operator": "equal",
                "condition_value": null,
                "admin_label": false,
                "default_value": "#e73c7e",
                "selector": "",
                "selector_value": "",
                "show_more_selectors": false,
                "selector2": "",
                "selector2_value": "",
                "selector3": "",
                "selector3_value": ""
            },
            {
                "type": "uc_colorpicker",
                "title": "Color Three",
                "name": "color_three",
                "description": "",
                "enable_condition": false,
                "condition_attribute": null,
                "condition_operator": "equal",
                "condition_value": null,
                "admin_label": false,
                "default_value": "#23a6d5",
                "selector": "",
                "selector_value": "",
                "show_more_selectors": false,
                "selector2": "",
                "selector2_value": "",
                "selector3": "",
                "selector3_value": ""
            },
            {
                "type": "uc_colorpicker",
                "title": "Color Four",
                "name": "color_four",
                "description": "",
                "enable_condition": false,
                "condition_attribute": null,
                "condition_operator": "equal",
                "condition_value": null,
                "admin_label": false,
                "default_value": "#23d5ab",
                "selector": "",
                "selector_value": "",
                "show_more_selectors": false,
                "selector2": "",
                "selector2_value": "",
                "selector3": "",
                "selector3_value": ""
            },
            {
                "type": "uc_number",
                "title": "Duration",
                "name": "duration",
                "description": "In Seconds ",
                "enable_condition": false,
                "condition_attribute": null,
                "condition_operator": "equal",
                "condition_value": null,
                "admin_label": false,
                "default_value": "15",
                "unit": "",
                "unit_custom": "",
                "min_value": "",
                "max_value": "",
                "step": "",
                "is_responsive": false,
                "default_value_tablet": "",
                "default_value_mobile": "",
                "selector": "",
                "selector_value": "",
                "show_more_selectors": false,
                "selector2": "",
                "selector2_value": "",
                "selector3": "",
                "selector3_value": ""
            },
            {
                "type": "uc_slider",
                "title": "Angle",
                "name": "angle",
                "description": "",
                "enable_condition": false,
                "condition_attribute": null,
                "condition_operator": "equal",
                "condition_value": [],
                "condition_attribute2": null,
                "condition_operator2": "equal",
                "condition_value2": null,
                "label_block": false,
                "tabname": "",
                "admin_label": false,
                "default_value": "-45",
                "min": "-360",
                "max": "360",
                "step": "1",
                "units": "px",
                "is_responsive": false,
                "default_value_tablet": "",
                "default_value_mobile": "",
                "selector": "",
                "selector_value": "width: {{SIZE}}{{UNIT}};",
                "show_more_selectors": false,
                "selector2": "",
                "selector2_value": "width: {{SIZE}}{{UNIT}};",
                "selector3": "",
                "selector3_value": "width: {{SIZE}}{{UNIT}};"
            }
        ],
        "params_items": [
            {
                "type": "uc_textfield",
                "title": "Title",
                "name": "title",
                "description": "",
                "default_value": "",
                "limited_edit": true
            }
        ],
        "includes": {
            "js": [],
            "jslib": [],
            "css": []
        },
        "variables_item": [],
        "variables_main": [],
        "params_cats": ""
    },
    "templates": [
        "html",
        "css"
    ]
}